name,price,uid
Grand Theft Auto V,100,tyiu8d5f
Call of Duty: Black Ops,150,wert5d5f
Guitar Hero III Legends of Rock,150,oiuy4d8f
Call of Duty: Modern Warfare 3,150,jnmk4d2e
Call of Duty: Black Ops III,250,qwer4s5d
Rock Band,200,asdx1w9g
Call of Duty: Ghosts,200,asdf5s6c
Call of Duty: Modern Warfare 3,150,zxcv1x2s
Grand Theft Auto V,250,qaws2e3d
Animal Crossing: New Horizons,300,cfvg5s6q
NBA 2K20,200,asde6s3w
Mortal Kombat 11,250,tyui5y2t
Red Dead Redemption II,200,wedf3r3h
Minecraft,150,ujki8h5h
